"Term","df","Sum Sq","Mean Sq","F value","Pr(>F)"
"PVC leachate treatment",3,57.5185185185184,19.1728395061728,0.522895622895622,0.667564657814813
"Developmental stage (hpf)",2,4696.35185185185,2348.17592592592,64.0411616161615,2.13527815907865e-18
"Treatment × stage",6,125.87037037037,20.9783950617283,0.572138047138046,0.751608589263881
"Residuals",96,3520,36.6666666666667,NA,NA
